issue_id,year_month,department,category_1,issue_summary,mention_count,urgency,trend
I001,Jul-25,新規事業開発部,他部署連携,技術本部・品質保証部との役割分担やスケジュール調整に関する相談が集中,3,4,increasing
I002,Jul-25,新規事業開発部,予算・リソース配分,サブスクサービス拡大に向けた人員不足の相談,1,5,new
I003,Jul-25,技術本部,他部署連携,新規事業開発部からの仕様変更が頻発し、開発が進めにくいという相談,1,4,new
I004,Jul-25,技術本部,技術検討,予知保全AIモデルの精度改善に関する技術相談,1,4,flat
I005,Jul-25,営業本部,事業戦略,大口顧客の値引き要望と共同開発先の仕様変更対応に関する相談,2,4,increasing
I006,Jul-25,品質保証部,他部署連携,海外向け製品の規格認証スケジュールの厳しさに関する相談,1,4,new
I007,Aug-25,新規事業開発部,他部署連携,経営企画部のデータ提供遅延と技術本部との会議体不足に関する相談,2,2.5,flat
I008,Aug-25,新規事業開発部,予算・リソース配分,来期投資判断のための採算シミュレーション相談,1,3,flat
I009,Aug-25,技術本部,人材・スキル,新素材開発の技術継承と若手育成に関する相談,2,2,new
I010,Aug-25,営業本部,他部署連携,新規事業の新サービスをどう既存顧客に提案するかの相談,1,3,new
I011,Aug-25,品質保証部,他部署連携,新素材採用に伴う品質基準見直しの要否に関する相談,1,3,flat
I012,Sep-25,新規事業開発部,他部署連携,技術本部・品質保証部・営業本部の三部門連携が停滞しているという相談,2,4.5,increasing
I013,Sep-25,品質保証部,他部署連携,海外規格認証の遅延がプロジェクト全体に影響するという相談,1,5,increasing
I014,Sep-25,新規事業開発部,予算・リソース配分,サブスクサービス拡大の人員計画説明に関する相談,1,4,flat
