employee_id,name,department,position,manager_id,age,years_of_experience,employment_type,skill1,skill1_year,skill1_Level,skill2,skill2_year,skill2_Level,certifications,hire_date
E001,佐藤 大輔,新規事業開発部,部長,,52,28,正社員,事業提携交渉,20,5,知財戦略,15,4,中小企業診断士,1998/4/1
E002,鈴木 美咲,新規事業開発部,課長,E001,41,17,正社員,サブスクリプションモデル設計,8,5,顧客共創(共同開発),10,4,MBA,2009/4/1
E003,高橋 健太,新規事業開発部,主任,E002,33,9,正社員,IoTセンサー開発,7,4,UXデザイン,4,3,なし,2017/4/1
E004,田中 陽子,新規事業開発部,一般社員,E002,27,4,正社員,データ分析,4,3,市場調査,3,2,統計検定2級,2022/4/1
E005,伊藤 亮,新規事業開発部,一般社員,E002,29,6,正社員,海外市場開拓,5,3,語学(英/中),6,4,TOEIC900,2020/4/1
E006,渡辺 直樹,技術本部,部長,,55,30,正社員,製品開発マネジメント,22,5,脱炭素技術,8,3,技術士,1996/4/1
E007,山本 さくら,技術本部,課長,E006,44,19,正社員,IoTセンサー開発,14,5,組込みソフト設計,17,4,電気主任技術者,2007/4/1
E008,中村 拓也,技術本部,主任,E007,35,11,正社員,AI・機械学習,6,4,データ分析,9,4,統計検定1級,2015/4/1
E009,小林 加奈,技術本部,主任,E007,36,13,正社員,材料工学,12,5,脱炭素技術,6,3,材料技術者資格,2013/4/1
E010,加藤 隼人,技術本部,一般社員,E007,26,3,正社員,組込みソフト設計,3,2,IoTセンサー開発,2,2,基本情報技術者,2023/4/1
E011,吉田 真理,営業本部,課長,,45,20,正社員,大口顧客折衝,16,5,業界標準化交渉,10,4,なし,2006/4/1
E012,山口 修,営業本部,主任,E011,38,14,正社員,海外市場開拓,10,4,代理店開拓,9,4,TOEIC850,2012/4/1
E013,松本 千尋,営業本部,一般社員,E011,30,7,正社員,顧客共創(共同開発),5,3,データ分析,3,2,なし,2019/4/1
E014,井上 大輝,営業本部,一般社員,E011,25,2,正社員,SNSマーケティング,2,2,市場調査,1,1,なし,2024/4/1
E015,木村 恵,品質保証部,課長,,47,22,正社員,品質マネジメント,18,5,業界標準化交渉,12,4,品質管理検定1級,2004/4/1
E016,林 翔太,品質保証部,主任,E015,34,10,正社員,品質マネジメント,7,3,データ分析,5,3,品質管理検定2級,2016/4/1
E017,清水 由紀,経営企画部,課長,,42,18,正社員,事業提携交渉,12,4,知財戦略,14,5,MBA,2008/4/1
E018,斎藤 航,経営企画部,主任,E017,31,8,正社員,データ分析,6,3,サブスクリプションモデル設計,4,2,なし,2018/4/1
E019,山田 麻衣,人事部,課長,,46,21,正社員,組織開発,15,5,人材育成,18,4,社会保険労務士,2005/4/1
E020,阿部 陸,人事部,一般社員,E019,28,5,正社員,人材育成,4,3,データ分析,3,2,なし,2021/4/1
