record_id,employee_id,fiscal_year,performance_rating,point,key_project,comment
P001,E001,2024,S,112,新規事業ポートフォリオ策定,複数事業提携を主導し高評価
P002,E001,2025,A,105,海外パートナー開拓,提携交渉を継続中
P003,E002,2024,A,108,サブスク型サービス立ち上げ,顧客継続率が目標超過
P004,E002,2025,S,115,サブスク型サービスのスケール化,他部署連携を高く評価
P005,E003,2024,B,98,IoT試作機開発,スケジュールに遅延ありも品質は良好
P006,E003,2025,A,103,IoT量産化検討,技術面でのリーダーシップ発揮
P007,E004,2024,B,95,市場調査レポート作成,分析精度に改善余地
P008,E004,2025,B,101,新市場セグメント分析,着実に成長中
P009,E005,2024,A,107,アジア市場調査,現地パートナー候補を複数発掘
P010,E005,2025,A,109,アジア新規代理店契約,語学力を活かし交渉成功
P011,E006,2024,A,104,脱炭素材料ロードマップ策定,技術本部全体を牽引
P012,E006,2025,A,106,脱炭素技術の外部共同研究,大学連携を推進
P013,E007,2024,S,113,IoTセンサー新製品化,量産移行をスムーズに完了
P014,E007,2025,A,102,センサー通信規格対応,標準化団体との調整が課題
P015,E008,2024,B,97,予知保全AIモデル開発,精度向上に時間を要した
P016,E008,2025,A,110,予知保全AIモデル実用化,現場導入で高評価
P017,E009,2024,A,103,リサイクル素材開発,コスト低減に貢献
P018,E009,2025,B,96,新素材の量産検証,歩留まり改善が課題
P019,E010,2024,B,94,センサー基板設計,経験不足によるやり直しあり
P020,E010,2025,B,99,センサー基板量産設計,着実にスキル向上
P021,E011,2024,A,106,大口顧客継続契約,関係維持力が高評価
P022,E011,2025,A,104,業界標準化委員会対応,社外での存在感向上
P023,E012,2024,B,97,海外代理店契約更新,一部条件交渉が難航
P024,E012,2025,A,105,新規代理店開拓,3拠点で新規契約
P025,E013,2024,B,99,顧客共同開発案件,顧客要望の反映に苦労
P026,E013,2025,A,103,顧客共同開発量産化,データ分析で提案力向上
P027,E014,2024,C,88,SNS販促施策,効果測定の仕組み不足
P028,E014,2025,B,96,SNS販促施策改善,KPI設計を見直し改善傾向
P029,E015,2024,A,105,品質基準改定,社内標準を大幅刷新
P030,E015,2025,A,107,海外品質監査対応,監査指摘ゼロを達成
P031,E016,2024,B,98,品質データ分析基盤構築,運用定着に時間を要した
P032,E016,2025,A,104,品質データ分析基盤活用,不良率低減に貢献
P033,E017,2024,A,105,新規事業提携スキーム設計,法務調整を主導
P034,E017,2025,A,108,知財ポートフォリオ再編,特許活用方針を明確化
P035,E018,2024,B,97,新規事業KPI設計,一部指標の妥当性に課題
P036,E018,2025,B,100,新規事業モニタリング体制構築,着実に運用開始
P037,E019,2024,A,103,組織開発施策推進,部門横断ワークショップを企画
P038,E019,2025,A,106,次世代リーダー育成プログラム,受講満足度が高評価
P039,E020,2024,B,95,研修プログラム運営,運営効率に改善余地
P040,E020,2025,B,101,研修プログラム改善,満足度スコアが向上
