project_id,employee_id,role,assignment_type,assigned_date,match_score
PJ01,E002,PM,実績,2025/4/1,
PJ01,E003,メンバー(技術),実績,2025/4/1,
PJ01,E007,メンバー(技術本部連携),実績,2025/4/1,
PJ01,E008,メンバー(AI・機械学習),AI推薦,2025/7/20,0.91
PJ01,E011,メンバー(営業連携),AI推薦,2025/7/20,0.78
PJ02,E006,PM,実績,2025/9/1,
PJ02,E009,メンバー(材料開発),実績,2025/9/1,
PJ02,E017,メンバー(知財・提携),AI推薦,2025/9/10,0.88
PJ03,E011,PM,実績,2025/9/15,
PJ03,E005,メンバー(海外市場開拓),AI推薦,2025/9/15,0.93
PJ03,E012,メンバー(代理店開拓),AI推薦,2025/9/15,0.89
PJ04,E004,メンバー(データ分析),AI推薦,2025/9/18,0.82
PJ04,E013,メンバー(顧客共創),AI推薦,2025/9/18,0.86
PJ05,E016,メンバー(品質データ分析),AI推薦,2025/9/20,0.84
